{"cameraMode":{"drawMode":0,"name":"Shaded","section":"Shading Mode"},"sceneLighting":true,"audioPlay":false,"sceneViewState":{"showFog":true,"showMaterialUpdate":false,"showSkybox":true,"showFlares":true,"showImageEffects":true,"showParticleSystems":true},"in2DMode":false,"pivot":{"x":-4.601306438446045,"y":4.030853271484375,"z":-7.8450927734375},"rotation":{"x":-0.20480984449386598,"y":0.3113951086997986,"z":-0.06891512870788574,"w":-0.9253931641578674},"size":11.340296745300293,"orthographic":false}